id,Likes,Link,Title,Views,Favourites,Price_ETH,Price_in_dollar,collection
DEAFBEEF Series 0: Synth Poems - Token 59,29,/assets/0xd754937672300ae6708a51229112de4017810934/59,DEAFBEEF Series 0: Synth Poems - Token 59,1,29,150 ,594337.5,deafbeef
DEAFBEEF Series 4: Glitchbox - Token 206,50,/assets/0xd754937672300ae6708a51229112de4017810934/206,DEAFBEEF Series 4: Glitchbox - Token 206,2,50,150 ,594337.5,deafbeef
DEAFBEEF Series 4: Glitchbox - Token 179,36,/assets/0xd754937672300ae6708a51229112de4017810934/179,DEAFBEEF Series 4: Glitchbox - Token 179,1,36,169 ,669620.25,deafbeef
DEAFBEEF Series 0: Synth Poems - Token 94,33,/assets/0xd754937672300ae6708a51229112de4017810934/94,DEAFBEEF Series 0: Synth Poems - Token 94,2,33,200 ,792450,deafbeef
DEAFBEEF Series 4: Glitchbox - Token 201,42,/assets/0xd754937672300ae6708a51229112de4017810934/201,DEAFBEEF Series 4: Glitchbox - Token 201,1,42,250 ,990562.5,deafbeef
DEAFBEEF Series 0: Synth Poems - Token 77,33,/assets/0xd754937672300ae6708a51229112de4017810934/77,DEAFBEEF Series 0: Synth Poems - Token 77,1,33,277 ,1097543.25,deafbeef
DEAFBEEF Series 0: Synth Poems - Token 106,82,/assets/0xd754937672300ae6708a51229112de4017810934/106,DEAFBEEF Series 0: Synth Poems - Token 106,9,82,45 ,178301.25,deafbeef
DEAFBEEF Series 4: Glitchbox - Token 195,38,/assets/0xd754937672300ae6708a51229112de4017810934/195,DEAFBEEF Series 4: Glitchbox - Token 195,2,38,65 ,257546.25,deafbeef
DEAFBEEF Series 0: Synth Poems - Token 22,73,/assets/0xd754937672300ae6708a51229112de4017810934/22,DEAFBEEF Series 0: Synth Poems - Token 22,4,73,79 ,313017.75,deafbeef
DEAFBEEF Series 4: Glitchbox - Token 191,8,/assets/0xd754937672300ae6708a51229112de4017810934/191,DEAFBEEF Series 4: Glitchbox - Token 191,381,8,99 ,392262.75,deafbeef
DEAFBEEF Series 0: Synth Poems - Token 29,60,/assets/0xd754937672300ae6708a51229112de4017810934/29,DEAFBEEF Series 0: Synth Poems - Token 29,4,60,108 ,427923,deafbeef
DEAFBEEF Series 4: Glitchbox - Token 169,9,/assets/0xd754937672300ae6708a51229112de4017810934/169,DEAFBEEF Series 4: Glitchbox - Token 169,414,9,500 ,1981125,deafbeef
DEAFBEEF Series 4: Glitchbox - Token 193,29,/assets/0xd754937672300ae6708a51229112de4017810934/193,DEAFBEEF Series 4: Glitchbox - Token 193,1,29,512 ,2028672,deafbeef
DEAFBEEF Series 0: Synth Poems - Token 4,2,/assets/0xd754937672300ae6708a51229112de4017810934/4,DEAFBEEF Series 0: Synth Poems - Token 4,32,2,NA,NA,deafbeef
DEAFBEEF Series 0: Synth Poems - Token 5,9,/assets/0xd754937672300ae6708a51229112de4017810934/5,DEAFBEEF Series 0: Synth Poems - Token 5,314,9,NA,NA,deafbeef
DEAFBEEF Series 0: Synth Poems - Token 39,7,/assets/0xd754937672300ae6708a51229112de4017810934/39,DEAFBEEF Series 0: Synth Poems - Token 39,43,7,NA,NA,deafbeef
DEAFBEEF Series 0: Synth Poems - Token 68,16,/assets/0xd754937672300ae6708a51229112de4017810934/68,DEAFBEEF Series 0: Synth Poems - Token 68,1,16,NA,NA,deafbeef
DEAFBEEF Series 0: Synth Poems - Token 89,5,/assets/0xd754937672300ae6708a51229112de4017810934/89,DEAFBEEF Series 0: Synth Poems - Token 89,276,5,NA,NA,deafbeef
DEAFBEEF Series 0: Synth Poems - Token 101,5,/assets/0xd754937672300ae6708a51229112de4017810934/101,DEAFBEEF Series 0: Synth Poems - Token 101,60,5,NA,NA,deafbeef
DEAFBEEF Series 0: Synth Poems - Token 122,4,/assets/0xd754937672300ae6708a51229112de4017810934/122,DEAFBEEF Series 0: Synth Poems - Token 122,68,4,NA,NA,deafbeef
DEAFBEEF Series 0: Synth Poems - Token 32,3,/assets/0xd754937672300ae6708a51229112de4017810934/32,DEAFBEEF Series 0: Synth Poems - Token 32,58,3,NA,NA,deafbeef
DEAFBEEF Series 0: Synth Poems - Token 41,7,/assets/0xd754937672300ae6708a51229112de4017810934/41,DEAFBEEF Series 0: Synth Poems - Token 41,407,7,NA,NA,deafbeef
DEAFBEEF Series 0: Synth Poems - Token 26,8,/assets/0xd754937672300ae6708a51229112de4017810934/26,DEAFBEEF Series 0: Synth Poems - Token 26,840,8,NA,NA,deafbeef
DEAFBEEF Series 0: Synth Poems - Token 111,5,/assets/0xd754937672300ae6708a51229112de4017810934/111,DEAFBEEF Series 0: Synth Poems - Token 111,111,5,NA,NA,deafbeef
DEAFBEEF Series 0: Synth Poems - Token 103,3,/assets/0xd754937672300ae6708a51229112de4017810934/103,DEAFBEEF Series 0: Synth Poems - Token 103,245,3,NA,NA,deafbeef
DEAFBEEF Series 0: Synth Poems - Token 117,4,/assets/0xd754937672300ae6708a51229112de4017810934/117,DEAFBEEF Series 0: Synth Poems - Token 117,55,4,NA,NA,deafbeef
DEAFBEEF Series 0: Synth Poems - Token 121,2,/assets/0xd754937672300ae6708a51229112de4017810934/121,DEAFBEEF Series 0: Synth Poems - Token 121,67,2,NA,NA,deafbeef
DEAFBEEF Series 4: Glitchbox - Token 172,4,/assets/0xd754937672300ae6708a51229112de4017810934/172,DEAFBEEF Series 4: Glitchbox - Token 172,302,4,NA,NA,deafbeef
DEAFBEEF Series 0: Synth Poems - Token 50,25,/assets/0xd754937672300ae6708a51229112de4017810934/50,DEAFBEEF Series 0: Synth Poems - Token 50,1,25,NA,NA,deafbeef
DEAFBEEF Series 4: Glitchbox - Token 161,10,/assets/0xd754937672300ae6708a51229112de4017810934/161,DEAFBEEF Series 4: Glitchbox - Token 161,266,10,NA,NA,deafbeef
DEAFBEEF Series 0: Synth Poems - Token 42,2,/assets/0xd754937672300ae6708a51229112de4017810934/42,DEAFBEEF Series 0: Synth Poems - Token 42,57,2,NA,NA,deafbeef
DEAFBEEF Series 0: Synth Poems - Token 36,18,/assets/0xd754937672300ae6708a51229112de4017810934/36,DEAFBEEF Series 0: Synth Poems - Token 36,888,18,NA,NA,deafbeef
DEAFBEEF Series 0: Synth Poems - Token 3,7,/assets/0xd754937672300ae6708a51229112de4017810934/3,DEAFBEEF Series 0: Synth Poems - Token 3,175,7,NA,NA,deafbeef
The Greedy Middleman,148,/assets/0xa32ba4034f9af9d558665c6a0c9ed9c1472f0752/12,The Greedy Middleman,8,148,233 ,923204.25,rekt-news-hacks-hopium
PolyMarket - REKT,49,/assets/0xa32ba4034f9af9d558665c6a0c9ed9c1472f0752/16,PolyMarket - REKT,1,49,NA,NA,rekt-news-hacks-hopium
Casino Reaper,47,/assets/0xa32ba4034f9af9d558665c6a0c9ed9c1472f0752/3,Casino Reaper,972,47,NA,NA,rekt-news-hacks-hopium
Meerkat Finance - REKT,165,/assets/0xa32ba4034f9af9d558665c6a0c9ed9c1472f0752/11,Meerkat Finance - REKT,14,165,30 ,118867.5,rekt-news-hacks-hopium
PancakeBunny - REKT,135,/assets/0xa32ba4034f9af9d558665c6a0c9ed9c1472f0752/15,PancakeBunny - REKT,7,135,70 ,277357.5,rekt-news-hacks-hopium
DeFi Summer - The Fall,115,/assets/0xa32ba4034f9af9d558665c6a0c9ed9c1472f0752/6,DeFi Summer - The Fall,5,115,100 ,396225,rekt-news-hacks-hopium
Dawnlight Badge - Silver,317,/assets/0x4222b2a98daa443c6a0a761300d7d6bfd9161e52/2,Dawnlight Badge - Silver,589,655,0.418 ,1656.22,illuvium
Emo Vermillia Emote - Genesis Promo,99,/assets/0x4222b2a98daa443c6a0a761300d7d6bfd9161e52/16,Emo Vermillia Emote - Genesis Promo,134,165,0.51 ,2020.75,illuvium
Puppetmaster Rhamphite Emote - Genesis Promo,182,/assets/0x4222b2a98daa443c6a0a761300d7d6bfd9161e52/9,Puppetmaster Rhamphite Emote - Genesis Promo,239,282,0.5999 ,2376.95,illuvium
Deal With It Dash Emote - Genesis Promo,181,/assets/0x4222b2a98daa443c6a0a761300d7d6bfd9161e52/12,Deal With It Dash Emote - Genesis Promo,207,256,0.6 ,2377.35,illuvium
Alphienator Emote - Genesis Promo,84,/assets/0x4222b2a98daa443c6a0a761300d7d6bfd9161e52/18,Alphienator Emote - Genesis Promo,153,201,0.6 ,2377.35,illuvium
Rhamphyre - Genesis Promo,285,/assets/0x4222b2a98daa443c6a0a761300d7d6bfd9161e52/8,Rhamphyre - Genesis Promo,307,376,0.617 ,2444.71,illuvium
Repellent Scarabok Emote - Genesis Promo,264,/assets/0x4222b2a98daa443c6a0a761300d7d6bfd9161e52/17,Repellent Scarabok Emote - Genesis Promo,331,561,0.25 ,990.56,illuvium
Death Stare Blazenite Emote - Genesis Promo,435,/assets/0x4222b2a98daa443c6a0a761300d7d6bfd9161e52/10,Death Stare Blazenite Emote - Genesis Promo,519,768,0.26 ,1030.18,illuvium
Fried Kukka Emote - Genesis Promo,466,/assets/0x4222b2a98daa443c6a0a761300d7d6bfd9161e52/13,Fried Kukka Emote - Genesis Promo,438,541,0.29 ,1149.05,illuvium
Atlas Pwease Emote - Genesis Promo,199,/assets/0x4222b2a98daa443c6a0a761300d7d6bfd9161e52/11,Atlas Pwease Emote - Genesis Promo,347,406,0.388 ,1537.35,illuvium
Dawnlight Badge - Bronze,368,/assets/0x4222b2a98daa443c6a0a761300d7d6bfd9161e52/1,Dawnlight Badge - Bronze,364,392,0.399 ,1580.94,illuvium
Dawnlight Badge - Gold,202,/assets/0x4222b2a98daa443c6a0a761300d7d6bfd9161e52/3,Dawnlight Badge - Gold,283,325,0.96 ,3803.76,illuvium
Punk Rock Mahmu Emote - Genesis Promo,91,/assets/0x4222b2a98daa443c6a0a761300d7d6bfd9161e52/15,Punk Rock Mahmu Emote - Genesis Promo,74,86,1.7 ,6735.82,illuvium
Rhamphyre - Genesis Holo Promo,122,/assets/0x4222b2a98daa443c6a0a761300d7d6bfd9161e52/7,Rhamphyre - Genesis Holo Promo,60,65,5.79 ,22941.43,illuvium
M0z4rt Holo Skin - Genesis Promo,92,/assets/0x4222b2a98daa443c6a0a761300d7d6bfd9161e52/20,M0z4rt Holo Skin - Genesis Promo,58,75,8 ,31698,illuvium
Dawnlight Badge - Platinum,82,/assets/0x4222b2a98daa443c6a0a761300d7d6bfd9161e52/4,Dawnlight Badge - Platinum,69,80,10 ,39622.5,illuvium
M0z4rt Obelisk Skin - Genesis Promo,85,/assets/0x4222b2a98daa443c6a0a761300d7d6bfd9161e52/21,M0z4rt Obelisk Skin - Genesis Promo,21,25,19.5 ,77263.88,illuvium
Dawnlight Badge - Diamond,76,/assets/0x4222b2a98daa443c6a0a761300d7d6bfd9161e52/5,Dawnlight Badge - Diamond,20,21,95 ,376413.75,illuvium
Rhamphyre - Genesis Dark Holo Promo,113,/assets/0x4222b2a98daa443c6a0a761300d7d6bfd9161e52/6,Rhamphyre - Genesis Dark Holo Promo,4,4,0.25 ,990.56,illuvium
Gangsta Squizz Emote - Genesis Promo,86,/assets/0x4222b2a98daa443c6a0a761300d7d6bfd9161e52/14,Gangsta Squizz Emote - Genesis Promo,65,80,3.33 ,13194.29,illuvium
M0z4rt Syzy Gum Skin - Genesis Promo,75,/assets/0x4222b2a98daa443c6a0a761300d7d6bfd9161e52/19,M0z4rt Syzy Gum Skin - Genesis Promo,85,111,4.59 ,18186.73,illuvium
Synth Wreckage,179,/assets/0x495f947276749ce646f68ac8c248420045cb7b5e/12271885842822188039840568155851815734139929241518364030099885435303246168065,Synth Wreckage,10,179,50 ,198112.5,pop-wonder-world
Message Not Sent,52,/assets/0x495f947276749ce646f68ac8c248420045cb7b5e/12271885842822188039840568155851815734139929241518364030099885513368571740161,Message Not Sent,2,52,69 ,273395.25,pop-wonder-world
System Malfunction,98,/assets/0x495f947276749ce646f68ac8c248420045cb7b5e/12271885842822188039840568155851815734139929241518364030099885452895432212481,System Malfunction,3,98,69.69 ,276129.2,pop-wonder-world
Gracious Host,137,/assets/0x495f947276749ce646f68ac8c248420045cb7b5e/12271885842822188039840568155851815734139929241518364030099885495776385695745,Gracious Host,8,137,28 ,110943,pop-wonder-world
Snack Time,109,/assets/0x495f947276749ce646f68ac8c248420045cb7b5e/12271885842822188039840568155851815734139929241518364030099885466089571745793,Snack Time,6,109,34 ,134716.5,pop-wonder-world
Magickal Night,108,/assets/0x495f947276749ce646f68ac8c248420045cb7b5e/12271885842822188039840568155851815734139929241518364030099885517766618251265,Magickal Night,5,108,40 ,158490,pop-wonder-world
Drop It!,70,/assets/0x495f947276749ce646f68ac8c248420045cb7b5e/12271885842822188039840568155851815734139929241518364030099885474885664768001,Drop It!,2,70,88 ,348678,pop-wonder-world
"""The Almighty Egg""",76,/assets/0x495f947276749ce646f68ac8c248420045cb7b5e/12271885842822188039840568155851815734139929241518364030099885432004711284737,"""The Almighty Egg""",2,76,111.11 ,440245.6,pop-wonder-world
"Win Some, Lose Some",64,/assets/0x495f947276749ce646f68ac8c248420045cb7b5e/12271885842822188039840568155851815734139929241518364030099885467189083373569,"Win Some, Lose Some",1,64,125 ,495281.25,pop-wonder-world
From Whence,88,/assets/0x495f947276749ce646f68ac8c248420045cb7b5e/12271885842822188039840568155851815734139929241518364030099885429805688029185,From Whence,2,88,133.37 ,528445.28,pop-wonder-world
Sneaker Wave,97,/assets/0x495f947276749ce646f68ac8c248420045cb7b5e/12271885842822188039840568155851815734139929241518364030099885427606664773633,Sneaker Wave,2,97,222 ,879619.5,pop-wonder-world
Midnight Harvest,89,/assets/0x495f947276749ce646f68ac8c248420045cb7b5e/12271885842822188039840568155851815734139929241518364030099885430905199656961,Midnight Harvest,2,89,420 ,1664145,pop-wonder-world
Elder Grove,26,/assets/0x495f947276749ce646f68ac8c248420045cb7b5e/12271885842822188039840568155851815734139929241518364030099885473786153140225,Elder Grove,1,26,NA,NA,pop-wonder-world
The Green Mile,77,/assets/0x495f947276749ce646f68ac8c248420045cb7b5e/12271885842822188039840568155851815734139929241518364030099885489179315929089,The Green Mile,2,77,NA,NA,pop-wonder-world
"Puff, Puff, Pass",71,/assets/0x495f947276749ce646f68ac8c248420045cb7b5e/12271885842822188039840568155851815734139929241518364030099885493577362440193,"Puff, Puff, Pass",2,71,1 ,3962.25,pop-wonder-world
Got A Light?,41,/assets/0x495f947276749ce646f68ac8c248420045cb7b5e/12271885842822188039840568155851815734139929241518364030099885458392990351361,Got A Light?,806,41,NA,NA,pop-wonder-world
Pass The Trees,66,/assets/0x495f947276749ce646f68ac8c248420045cb7b5e/12271885842822188039840568155851815734139929241518364030099885451795920584705,Pass The Trees,2,66,NA,NA,pop-wonder-world
Distance,60,/assets/0x495f947276749ce646f68ac8c248420045cb7b5e/12271885842822188039840568155851815734139929241518364030099885460592013606913,Distance,903,60,NA,NA,pop-wonder-world
Synthesized Sunset,56,/assets/0x495f947276749ce646f68ac8c248420045cb7b5e/12271885842822188039840568155851815734139929241518364030099885457293478723585,Synthesized Sunset,3,56,"1,000 ",3962250,pop-wonder-world
